agebin,month,Cases,Pop,Year,Run_Number,Sample_ID
5,1,4.261529445648,171.3,2015,0,7.0
100,1,3.744560997002,835.0333333333,2015,0,7.0
5,2,5.235226638615,174.3,2015,0,7.0
100,2,3.722702278756,833.4,2015,0,7.0
5,3,4.311297163367,174.9666666667,2015,0,7.0
100,3,3.712409473956,832.4333333333,2015,0,7.0
5,4,3.760771639645,177.9333333333,2015,0,7.0
100,4,3.983309283853,830.8,2015,0,7.0
5,5,4.289234176278,175.8666666667,2015,0,7.0
100,5,3.637145823799,832.9333333333,2015,0,7.0
5,6,5.095620594919,174.3,2015,0,7.0
100,6,3.467864282429,835,2015,0,7.0
5,7,5.234225839376,174.3333333333,2015,0,7.0
100,7,3.255148984492,833.5,2015,0,7.0
5,8,4.93243265152,175.1333333333,2015,0,7.0
100,8,3.266088813543,834.4333333333,2015,0,7.0
5,9,3.785592950881,176.7666666667,2015,0,7.0
100,9,3.683486326598,835.6666666667,2015,0,7.0
5,10,5.167659968138,178.9333333333,2015,0,7.0
100,10,3.649270161986,833.5,2015,0,7.0
5,11,4.789128303528,177.8333333333,2015,0,7.0
100,11,3.34259774629,833.5333333333,2015,0,7.0
5,12,4.077054291964,176.0666666667,2015,0,7.0
100,12,3.22724553477,833.1666666667,2015,0,7.0
5,1,4.913461506367,173.3333333333,2016,0,7.0
100,1,3.567439364269,835.5666666667,2016,0,7.0
5,2,5.03790821135,171.4666666667,2016,0,7.0
100,2,3.408220315352,835.3333333333,2016,0,7.0
5,3,5.02655915916,169.4333333333,2016,0,7.0
100,3,3.391133792698,832.3666666667,2016,0,7.0
5,4,4.856036737561,167.8666666667,2016,0,7.0
100,4,3.363246582448,832.0333333333,2016,0,7.0
5,5,4.536888688803,166.2666666667,2016,0,7.0
100,5,3.606200085022,833.3333333333,2016,0,7.0
5,6,4.855072304606,167.9,2016,0,7.0
100,6,3.055433145724,832.2333333333,2016,0,7.0
5,7,3.728219345212,166.4333333333,2016,0,7.0
100,7,3.387471027672,833.2666666667,2016,0,7.0
5,8,5.190266147256,166.4333333333,2016,0,7.0
100,8,3.124275110662,833.3666666667,2016,0,7.0
5,9,7.298540323973,166.7,2016,0,7.0
100,9,3.459646507166,833.4666666667,2016,0,7.0
5,10,5.200870871544,168.4333333333,2016,0,7.0
100,10,3.360554035753,832.7,2016,0,7.0
5,11,7.417263127863,172.2333333333,2016,0,7.0
100,11,3.272625386715,832.7666666667,2016,0,7.0
5,12,5.627141475677,175.1333333333,2016,0,7.0
100,12,3.151606428437,830,2016,0,7.0
5,1,3.51226401329,176.6666666667,2017,0,7.0
100,1,3.211272798479,829.7333333333,2017,0,7.0
5,2,5.045445978642,176.0333333333,2017,0,7.0
100,2,3.183054672554,833.2666666667,2017,0,7.0
5,3,5.071401178837,172.7333333333,2017,0,7.0
100,3,2.980956956744,836.7,2017,0,7.0
5,4,5.071428798139,170.3333333333,2017,0,7.0
100,4,3.090146594681,838.6333333333,2017,0,7.0
5,5,4.214780777693,173.2,2017,0,7.0
100,5,2.708746668883,839.9333333333,2017,0,7.0
5,6,5.657329879701,178.5,2017,0,7.0
100,6,2.959341812879,838.7,2017,0,7.0
5,7,3.592781558633,182.8666666667,2017,0,7.0
100,7,3.112324103713,836.5666666667,2017,0,7.0
5,8,3.868786484003,182.4,2017,0,7.0
100,8,2.865311824717,836.5,2017,0,7.0
5,9,2.9760825634,183.9666666667,2017,0,7.0
100,9,2.969846919179,835.7333333333,2017,0,7.0
5,10,2.437725700438,184.6666666667,2017,0,7.0
100,10,3.332602286711,836.0333333333,2017,0,7.0
5,11,6.455513551831,184.7,2017,0,7.0
100,11,2.843289192766,838.7,2017,0,7.0
5,12,6.541455700994,184.1333333333,2017,0,7.0
100,12,3.090883743949,838.4333333333,2017,0,7.0
5,1,3.699547708035,184.1666666667,2018,0,7.0
100,1,2.450447492301,834.1333333333,2018,0,7.0
5,2,4.15362739563,187.4666666667,2018,0,7.0
100,2,3.111666949466,832.8333333333,2018,0,7.0
5,3,5.879881083965,190.3666666667,2018,0,7.0
100,3,2.542376284488,827.9,2018,0,7.0
5,4,6.585216410458,190.3,2018,0,7.0
100,4,2.544425232336,827.2333333333,2018,0,7.0
5,5,5.452605396509,187.4333333333,2018,0,7.0
100,5,2.566085569561,829.7333333333,2018,0,7.0
5,6,5.122579261661,187.6333333333,2018,0,7.0
100,6,2.454003860243,827.9666666667,2018,0,7.0
5,7,4.17142868042,186.6666666667,2018,0,7.0
100,7,2.794117657468,827.3333333333,2018,0,7.0
5,8,2.290247417986,185.9333333333,2018,0,7.0
100,8,2.540228570811,828.6,2018,0,7.0
5,9,2.630630731583,185,2018,0,7.0
100,9,3.029289757833,827.3666666667,2018,0,7.0
5,10,2.607142992318,182,2018,0,7.0
100,10,2.643969599158,828.3,2018,0,7.0
5,11,4.743730373681,182.1,2018,0,7.0
100,11,2.884854556993,830.8333333333,2018,0,7.0
5,12,10.83831200004,184.1,2018,0,7.0
100,12,2.445536604151,830.8333333333,2018,0,7.0
5,1,0,157.6333333333,2015,0,8.0
100,1,0,832.5,2015,0,8.0
5,2,0,161.0333333333,2015,0,8.0
100,2,0,827.6,2015,0,8.0
5,3,0,160.3333333333,2015,0,8.0
100,3,0,827.1666666667,2015,0,8.0
5,4,0,159.7,2015,0,8.0
100,4,0,826.4,2015,0,8.0
5,5,0,160.6,2015,0,8.0
100,5,0,823.5666666667,2015,0,8.0
5,6,0,161.4333333333,2015,0,8.0
100,6,0,823.1,2015,0,8.0
5,7,0,167.3,2015,0,8.0
100,7,0,822.2333333333,2015,0,8.0
5,8,0,170.5333333333,2015,0,8.0
100,8,0,822.1666666667,2015,0,8.0
5,9,0,168.9666666667,2015,0,8.0
100,9,0,825.6666666667,2015,0,8.0
5,10,0,168.4,2015,0,8.0
100,10,0,826.0333333333,2015,0,8.0
5,11,0,169.8,2015,0,8.0
100,11,0,826.1666666667,2015,0,8.0
5,12,0,168.8333333333,2015,0,8.0
100,12,0,826.2666666667,2015,0,8.0
5,1,0,167.4,2016,0,8.0
100,1,0,826.7666666667,2016,0,8.0
5,2,0,165.4666666667,2016,0,8.0
100,2,0,829.3,2016,0,8.0
5,3,0,162.0666666667,2016,0,8.0
100,3,0,830.5666666667,2016,0,8.0
5,4,0,162.3666666667,2016,0,8.0
100,4,0,828.7,2016,0,8.0
5,5,0,158.6333333333,2016,0,8.0
100,5,0,832.5,2016,0,8.0
5,6,0,160.9,2016,0,8.0
100,6,0,834.5,2016,0,8.0
5,7,0,163.1666666667,2016,0,8.0
100,7,0,834.8,2016,0,8.0
5,8,0,165.8,2016,0,8.0
100,8,0,837.1666666667,2016,0,8.0
5,9,0,168.2333333333,2016,0,8.0
100,9,0,835.8333333333,2016,0,8.0
5,10,0,167.7,2016,0,8.0
100,10,0,836.3333333333,2016,0,8.0
5,11,0,166.9666666667,2016,0,8.0
100,11,0,835.9333333333,2016,0,8.0
5,12,0,169.0333333333,2016,0,8.0
100,12,0,835.8666666667,2016,0,8.0
5,1,0,175,2017,0,8.0
100,1,0,836.2,2017,0,8.0
5,2,0,176.5,2017,0,8.0
100,2,0,836.3666666667,2017,0,8.0
5,3,0,175.3,2017,0,8.0
100,3,0,839.2333333333,2017,0,8.0
5,4,0,176.6333333333,2017,0,8.0
100,4,0,836.6333333333,2017,0,8.0
5,5,0,175.7,2017,0,8.0
100,5,0,837.1666666667,2017,0,8.0
5,6,0,176.4333333333,2017,0,8.0
100,6,0,839.8,2017,0,8.0
5,7,0,175,2017,0,8.0
100,7,0,841.3,2017,0,8.0
5,8,0,173.6,2017,0,8.0
100,8,0,842.6333333333,2017,0,8.0
5,9,0,170.3333333333,2017,0,8.0
100,9,0,840.9333333333,2017,0,8.0
5,10,0,173.0666666667,2017,0,8.0
100,10,0,838.5666666667,2017,0,8.0
5,11,0,172.4333333333,2017,0,8.0
100,11,0,837.8,2017,0,8.0
5,12,0,171.2333333333,2017,0,8.0
100,12,0,838.9,2017,0,8.0
5,1,0,167,2018,0,8.0
100,1,0,836.9333333333,2018,0,8.0
5,2,0,168.3,2018,0,8.0
100,2,0,836,2018,0,8.0
5,3,0,172.6,2018,0,8.0
100,3,0,835.5,2018,0,8.0
5,4,0,173.4666666667,2018,0,8.0
100,4,0,831.9333333333,2018,0,8.0
5,5,0,175.9666666667,2018,0,8.0
100,5,0,830.0333333333,2018,0,8.0
5,6,0,180.0333333333,2018,0,8.0
100,6,0,827.5,2018,0,8.0
5,7,0,183.4333333333,2018,0,8.0
100,7,0,824.3666666667,2018,0,8.0
5,8,0,185,2018,0,8.0
100,8,0,823,2018,0,8.0
5,9,0,185.6333333333,2018,0,8.0
100,9,0,821.9,2018,0,8.0
5,10,0,184.6,2018,0,8.0
100,10,0,821,2018,0,8.0
5,11,0,185.5333333333,2018,0,8.0
100,11,0,819.7666666667,2018,0,8.0
5,12,0,185,2018,0,8.0
100,12,0,819.8,2018,0,8.0
5,1,0.0747032314539,162.8666666667,2015,0,6.0
100,1,0.4048486873507,841.4666666667,2015,0,6.0
5,2,0.2235150039196,163.3,2015,0,6.0
100,2,0.3469032123685,841.7333333333,2015,0,6.0
5,3,0.07474912703037,162.7666666667,2015,0,6.0
100,3,0.1737199053168,840.4333333333,2015,0,6.0
5,4,0.07385674118996,164.7333333333,2015,0,6.0
100,4,0.115730650723,841.0333333333,2015,0,6.0
5,5,0,164.3333333333,2015,0,6.0
100,5,0.2608177866787,839.6666666667,2015,0,6.0
5,6,0.07351460307837,165.5,2015,0,6.0
100,6,0.2902699820697,838.3,2015,0,6.0
5,7,0.2217946127057,164.5666666667,2015,0,6.0
100,7,0.2322159856558,838.3,2015,0,6.0
5,8,0,161.9,2015,0,6.0
100,8,0.2759979330003,837.5666666667,2015,0,6.0
5,9,0.07513380050659,161.9333333333,2015,0,6.0
100,9,0.4225380113348,835.0333333333,2015,0,6.0
5,10,0.5328467041254,159.8333333333,2015,0,6.0
100,10,1.125010011718,832.7333333333,2015,0,6.0
5,11,0.4605678319931,158.5,2015,0,6.0
100,11,1.042857130989,828.3333333333,2015,0,6.0
5,12,0.2286489978433,159.6333333333,2015,0,6.0
100,12,0.6319964462891,827.8,2015,0,6.0
5,1,0.07400649040937,164.4,2016,0,6.0
100,1,0.4569132514298,825.4666666667,2016,0,6.0
5,2,0.2162322252989,168.8,2016,0,6.0
100,2,0.4278323510662,824.7,2016,0,6.0
5,3,0.2125800848007,171.7,2016,0,6.0
100,3,0.7526990454644,824.3666666667,2016,0,6.0
5,4,0,175.2,2016,0,6.0
100,4,0.2514690971002,822.5,2016,0,6.0
5,5,0.06824981421232,178.2666666667,2016,0,6.0
100,5,0.1924480898306,821.8666666667,2016,0,6.0
5,6,0,179.5,2016,0,6.0
100,6,0.2967359125614,820.0333333333,2016,0,6.0
5,7,0,179.3666666667,2016,0,6.0
100,7,0.1191156059504,817.1333333333,2016,0,6.0
5,8,0,177.3,2016,0,6.0
100,8,0.08912945911288,819.0333333333,2016,0,6.0
5,9,0,174.9666666667,2016,0,6.0
100,9,0.1777958236635,821.1666666667,2016,0,6.0
5,10,0,173.6,2016,0,6.0
100,10,0.5628373175859,821.4333333333,2016,0,6.0
5,11,0,175.5333333333,2016,0,6.0
100,11,0.6523416936398,820.6333333333,2016,0,6.0
5,12,0.2056724354625,177.4666666667,2016,0,6.0
100,12,0.3709048032761,820.0666666667,2016,0,6.0
5,1,0.06919430941343,175.8333333333,2017,0,6.0
100,1,0.2221906604245,821.3666666667,2017,0,6.0
5,2,0.1383099704981,175.9333333333,2017,0,6.0
100,2,0.0592340156436,821.6,2017,0,6.0
5,3,0.212044917047,172.1333333333,2017,0,6.0
100,3,0.1477493532002,823.4666666667,2017,0,6.0
5,4,0,170.3,2017,0,6.0
100,4,0.08830645121634,826.6666666667,2017,0,6.0
5,5,0,171.1,2017,0,6.0
100,5,0.01469345018268,828.0333333333,2017,0,6.0
5,6,0,171.2,2017,0,6.0
100,6,0,830.5666666667,2017,0,6.0
5,7,0,168.3333333333,2017,0,6.0
100,7,0,834,2017,0,6.0
5,8,0,168.2666666667,2017,0,6.0
100,8,0,834.7,2017,0,6.0
5,9,0,171,2017,0,6.0
100,9,0,834.2,2017,0,6.0
5,10,0,166.6,2017,0,6.0
100,10,0,835.7,2017,0,6.0
5,11,0,165.1666666667,2017,0,6.0
100,11,0,838.7,2017,0,6.0
5,12,0,167.0666666667,2017,0,6.0
100,12,0,839.4666666667,2017,0,6.0
5,1,0,165.4666666667,2018,0,6.0
100,1,0,839.9,2018,0,6.0
5,2,0,165.2333333333,2018,0,6.0
100,2,0,840.5666666667,2018,0,6.0
5,3,0,164.3666666667,2018,0,6.0
100,3,0,840.7333333333,2018,0,6.0
5,4,0,162.6333333333,2018,0,6.0
100,4,0,840.9,2018,0,6.0
5,5,0,159.1666666667,2018,0,6.0
100,5,0,842.2666666667,2018,0,6.0
5,6,0,160.4,2018,0,6.0
100,6,0,842.9333333333,2018,0,6.0
5,7,0,162.2333333333,2018,0,6.0
100,7,0,841.1,2018,0,6.0
5,8,0,163.0333333333,2018,0,6.0
100,8,0,837.6,2018,0,6.0
5,9,0,161.4333333333,2018,0,6.0
100,9,0,833.4666666667,2018,0,6.0
5,10,0,161.5333333333,2018,0,6.0
100,10,0,830.3666666667,2018,0,6.0
5,11,0,163.7,2018,0,6.0
100,11,0,829.6333333333,2018,0,6.0
5,12,0,163.5,2018,0,6.0
100,12,0,831.0666666667,2018,0,6.0
5,1,2.689167588949,167.4,2015,0,10.0
100,1,2.703811341897,836.9666666667,2015,0,10.0
5,2,2.913179039955,171.2333333333,2015,0,10.0
100,2,2.540603270754,833.2666666667,2015,0,10.0
5,3,2.138254344463,170.7,2015,0,10.0
100,3,2.693888084032,835.5333333333,2015,0,10.0
5,4,2.643374420702,170.3,2015,0,10.0
100,4,2.277532669716,838.7,2015,0,10.0
5,5,1.921801887453,170.9333333333,2015,0,10.0
100,5,2.349972166121,838.7333333333,2015,0,10.0
5,6,1.773911342025,171.4666666667,2015,0,10.0
100,6,2.159849120304,839.3333333333,2015,0,10.0
5,7,1.502941243351,170,2015,0,10.0
100,7,1.886754883453,838.3,2015,0,10.0
5,8,2.196589708328,166.1666666667,2015,0,10.0
100,8,2.455319791101,837.4333333333,2015,0,10.0
5,9,2.26526530087,166.5,2015,0,10.0
100,9,3.281849320047,834.1333333333,2015,0,10.0
5,10,4.519672334194,166.9,2015,0,10.0
100,10,4.674073616043,835.5666666667,2015,0,10.0
5,11,3.513838648796,166.2,2015,0,10.0
100,11,3.446963737719,836.5333333333,2015,0,10.0
5,12,4.068471372128,167.4666666667,2015,0,10.0
100,12,2.757455296814,838.3333333333,2015,0,10.0
5,1,2.91943025589,170.8666666667,2016,0,10.0
100,1,2.7429423742,838.3333333333,2016,0,10.0
5,2,2.872884571552,169.4,2016,0,10.0
100,2,2.786039079539,842.8333333333,2016,0,10.0
5,3,2.090244844556,168.8,2016,0,10.0
100,3,2.588549921289,841.3333333333,2016,0,10.0
5,4,2.95692563802,168.7,2016,0,10.0
100,4,3.135040529072,838.2666666667,2016,0,10.0
5,5,1.793788000941,169.5666666667,2016,0,10.0
100,5,2.457765528932,836.6,2016,0,10.0
5,6,2.305566549301,168.8666666667,2016,0,10.0
100,6,2.284706107341,836.0666666667,2016,0,10.0
5,7,1.431091874838,170.0333333333,2016,0,10.0
100,7,2.17027815897,835.3,2016,0,10.0
5,8,0.9065724089742,174.4666666667,2016,0,10.0
100,8,2.413827697746,831.6666666667,2016,0,10.0
5,9,1.291433826089,179,2016,0,10.0
100,9,3.659954993054,831.0666666667,2016,0,10.0
5,10,1.219376340508,179.6,2016,0,10.0
100,10,3.898570524529,830.1333333333,2016,0,10.0
5,11,1.843779176474,178.1666666667,2016,0,10.0
100,11,3.215601444244,832.4,2016,0,10.0
5,12,4.391711309552,174.5333333333,2016,0,10.0
100,12,2.642600062303,833.3333333333,2016,0,10.0
5,1,2.882318854332,173.0666666667,2017,0,10.0
100,1,2.759841523133,833.2,2017,0,10.0
5,2,2.663210332394,173.6,2017,0,10.0
100,2,2.324840700254,832.1,2017,0,10.0
5,3,1.839860454202,171.9333333333,2017,0,10.0
100,3,2.588652499951,831.9,2017,0,10.0
5,4,1.834880039096,172.4,2017,0,10.0
100,4,1.990057714283,831.4666666667,2017,0,10.0
5,5,1.821147575974,173.7,2017,0,10.0
100,5,1.987375938334,826.4666666667,2017,0,10.0
5,6,1.698332726955,171.9333333333,2017,0,10.0
100,6,1.542812269181,828.0333333333,2017,0,10.0
5,7,1.207433342934,171.3,2017,0,10.0
100,7,1.962916832417,830.5666666667,2017,0,10.0
5,8,0.9088297709823,174.0333333333,2017,0,10.0
100,8,2.321378249675,828.1,2017,0,10.0
5,9,0.7054503262043,172.4666666667,2017,0,10.0
100,9,3.052060365677,829.1666666667,2017,0,10.0
5,10,1.052682213485,173.3666666667,2017,0,10.0
100,10,3.284193575382,829.8333333333,2017,0,10.0
5,11,1.750431582332,173.7666666667,2017,0,10.0
100,11,3.100905705243,831.8,2017,0,10.0
5,12,5.037377893925,173.9,2017,0,10.0
100,12,2.519564889371,830.5666666667,2017,0,10.0
5,1,2.515834458172,178.9333333333,2018,0,10.0
100,1,2.243762263097,829.6333333333,2018,0,10.0
5,2,3.030442893505,180.6666666667,2018,0,10.0
100,2,2.363742403686,828.7,2018,0,10.0
5,3,3.048440851271,179.6,2018,0,10.0
100,3,2.129864399321,828.3,2018,0,10.0
5,4,1.85209556669,177.3666666667,2018,0,10.0
100,4,1.947252251208,831,2018,0,10.0
5,5,2.50238057971,175.0333333333,2018,0,10.0
100,5,1.766246758401,833.5,2018,0,10.0
5,6,1.488060593605,171.7,2018,0,10.0
100,6,1.600621957332,836.1333333333,2018,0,10.0
5,7,0.9823144972324,173.4,2018,0,10.0
100,7,1.472950253636,834.2666666667,2018,0,10.0
5,8,0.2827265560627,172.1333333333,2018,0,10.0
100,8,1.91305914335,833.1333333333,2018,0,10.0
5,9,0.9957131892443,171.0666666667,2018,0,10.0
100,9,2.507288601249,834.6333333333,2018,0,10.0
5,10,1.679447829723,173.8666666667,2018,0,10.0
100,10,3.258798718452,836.3,2018,0,10.0
5,11,2.062535360456,176.9666666667,2018,0,10.0
100,11,3.309037863277,834.6333333333,2018,0,10.0
5,12,6.178472816944,181.1666666667,2018,0,10.0
100,12,2.207248671912,832.3333333333,2018,0,10.0
5,1,1.532999977469,166.6666666667,2015,0,9.0
100,1,2.323645713739,843,2015,0,9.0
5,2,0.6632343828678,165.1,2015,0,9.0
100,2,0.7329894555733,846.5333333333,2015,0,9.0
5,3,0.2198795154691,166,2015,0,9.0
100,3,0.3730345927179,848,2015,0,9.0
5,4,0.1458832919598,166.8,2015,0,9.0
100,4,0.2005415819585,849.3666666667,2015,0,9.0
5,5,0,163.8,2015,0,9.0
100,5,0.2572636920959,851.2666666667,2015,0,9.0
5,6,0.1502676010132,161.9333333333,2015,0,9.0
100,6,0.4131054244936,854.1,2015,0,9.0
5,7,1.502057611942,162,2015,0,9.0
100,7,2.586636578664,856.0666666667,2015,0,9.0
5,8,4.726618632674,162.1666666667,2015,0,9.0
100,8,5.451142396778,859.3,2015,0,9.0
5,9,6.78272408247,163.2333333333,2015,0,9.0
100,9,4.987384110689,858.7,2015,0,9.0
5,10,4.159336455166,166.7333333333,2015,0,9.0
100,10,2.034734159708,855.0666666667,2015,0,9.0
5,11,3.271629050374,171.0666666667,2015,0,9.0
100,11,2.180934106931,853.5333333333,2015,0,9.0
5,12,3.362118601799,173.7,2015,0,9.0
100,12,3.182102454826,852.6333333333,2015,0,9.0
5,1,2.281695604324,170.6333333333,2016,0,9.0
100,1,2.830118837766,855.5,2016,0,9.0
5,2,0.4261529445648,171.3,2016,0,9.0
100,2,1.336371429265,855.8,2016,0,9.0
5,3,0.4264018535614,171.2,2016,0,9.0
100,3,0.527724603191,853.0333333333,2016,0,9.0
5,4,0.2791587114334,174.3333333333,2016,0,9.0
100,4,0.4143505906686,851.5333333333,2016,0,9.0
5,5,0.2069943398237,176.3333333333,2016,0,9.0
100,5,0.3425353914499,852.4666666667,2016,0,9.0
5,6,0.9674366116524,176.0666666667,2016,0,9.0
100,6,1.881296396255,853.6666666667,2016,0,9.0
5,7,1.511102676392,177.1333333333,2016,0,9.0
100,7,2.710148962215,852.9666666667,2016,0,9.0
5,8,2.735106647015,177.9333333333,2016,0,9.0
100,8,5.435836429708,852.7666666667,2016,0,9.0
5,9,3.673376217484,182.1666666667,2016,0,9.0
100,9,4.086034204811,851.6,2016,0,9.0
5,10,3.586742989719,186.5666666667,2016,0,9.0
100,10,2.783644334413,852.3,2016,0,9.0
5,11,4.509400092065,186.1666666667,2016,0,9.0
100,11,3.066268148832,853.1,2016,0,9.0
5,12,6.096443742514,185.6,2016,0,9.0
100,12,3.104201517999,854.4333333333,2016,0,9.0
5,1,1.371198512614,186.3333333333,2017,0,9.0
100,1,2.037116601132,854.0666666667,2017,0,9.0
5,2,0.5187422037125,187.6333333333,2017,0,9.0
100,2,0.9534484902397,854.9666666667,2017,0,9.0
5,3,0.2579049766064,188.7,2017,0,9.0
100,3,0.3992187604308,853.3333333333,2017,0,9.0
5,4,0,188.5,2017,0,9.0
100,4,0.3714576549828,851.6,2017,0,9.0
5,5,0.131294965744,185.3333333333,2017,0,9.0
100,5,0.08565394207835,852.2666666667,2017,0,9.0
5,6,0.5206847190857,186.9333333333,2017,0,9.0
100,6,0.6718230061233,851.1666666667,2017,0,9.0
5,7,0.6485430151224,187.6,2017,0,9.0
100,7,2.170993067324,846.2333333333,2017,0,9.0
5,8,2.053539015353,183.6666666667,2017,0,9.0
100,8,6.879221051931,848.9333333333,2017,0,9.0
5,9,2.456794723868,183.2333333333,2017,0,9.0
100,9,3.498448304832,848.5666666667,2017,0,9.0
5,10,1.623725652695,179.8333333333,2017,0,9.0
100,10,2.362320567481,849.8,2017,0,9.0
5,11,3.167466677725,180.5333333333,2017,0,9.0
100,11,2.668946838006,847.9,2017,0,9.0
5,12,7.821428976953,182,2017,0,9.0
100,12,3.171155471355,844.0666666667,2017,0,9.0
5,1,1.329690366983,183,2018,0,9.0
100,1,1.748070419766,842.1666666667,2018,0,9.0
5,2,0.4716632589698,180.5666666667,2018,0,9.0
100,2,0.6486454373226,844.0666666667,2018,0,9.0
5,3,0.1355114132166,179.5666666667,2018,0,9.0
100,3,0.3302647573873,847.3,2018,0,9.0
5,4,0.06859613209963,177.3666666667,2018,0,9.0
100,4,0.1716839186847,850.4,2018,0,9.0
5,5,0.1368835568428,177.7666666667,2018,0,9.0
100,5,0.4863996133208,850.4666666667,2018,0,9.0
5,6,0.1370377391577,177.5666666667,2018,0,9.0
100,6,0.2142857154831,851.6666666667,2018,0,9.0
5,7,0.7589792460203,176.3333333333,2018,0,9.0
100,7,1.725330134854,853.2666666667,2018,0,9.0
5,8,0.5404404997826,180.1,2018,0,9.0
100,8,4.073915170506,854.1333333333,2018,0,9.0
5,9,2.527793049812,182.9,2018,0,9.0
100,9,6.00870128721,850.4333333333,2018,0,9.0
5,10,2.779691666365,183.8333333333,2018,0,9.0
100,10,2.913684636354,847.6666666667,2018,0,9.0
5,11,3.551496058702,181.5666666667,2018,0,9.0
100,11,2.563966678455,849.4,2018,0,9.0
5,12,8.808044314384,182.3333333333,2018,0,9.0
100,12,3.025178818032,848.6,2018,0,9.0
5,1,1.197457432747,162.5666666667,2015,0,3.0
100,1,1.543842479587,819.6,2015,0,3.0
5,2,1.346863478422,162.6,2015,0,3.0
100,2,1.884962605312,819.7333333333,2015,0,3.0
5,3,0.8986458778381,162.4666666667,2015,0,3.0
100,3,1.24467176199,821.1,2015,0,3.0
5,4,0.7436838001013,163.6,2015,0,3.0
100,4,1.304789356887,820.5666666667,2015,0,3.0
5,5,0.8975409865379,162.6666666667,2015,0,3.0
100,5,1.436891205609,821.3333333333,2015,0,3.0
5,6,1.10964730382,164.4666666667,2015,0,3.0
100,6,1.658956214786,821.4,2015,0,3.0
5,7,0.5964052081108,163.2,2015,0,3.0
100,7,1.193629162386,825.6333333333,2015,0,3.0
5,8,0.5197314694524,163.8666666667,2015,0,3.0
100,8,1.842838712037,825.2666666667,2015,0,3.0
5,9,1.356597214937,161.4333333333,2015,0,3.0
100,9,1.646395534277,827.6666666667,2015,0,3.0
5,10,1.218952178955,159.7,2015,0,3.0
100,10,1.689678761177,828.0666666667,2015,0,3.0
5,11,1.134009920061,160.9333333333,2015,0,3.0
100,11,1.66149698291,827.4666666667,2015,0,3.0
5,12,0.9132610559464,159.8666666667,2015,0,3.0
100,12,2.143776712939,828.6,2015,0,3.0
5,1,1.624284870923,157.3,2016,0,3.0
100,1,1.82140127942,828.3,2016,0,3.0
5,2,1.512540832162,152.8333333333,2016,0,3.0
100,2,1.647523522377,827.1,2016,0,3.0
5,3,1.42054054141,154.1666666667,2016,0,3.0
100,3,1.440363993868,827.8,2016,0,3.0
5,4,1.008073113859,156.9,2016,0,3.0
100,4,1.894539842382,828.4333333333,2016,0,3.0
5,5,1.46679354459,157.6,2016,0,3.0
100,5,2.035914941691,830.6666666667,2016,0,3.0
5,6,1.453269086778,159.0666666667,2016,0,3.0
100,6,1.714165315032,830.4333333333,2016,0,3.0
5,7,0.6839475408196,160.1,2016,0,3.0
100,7,1.218281228095,828.9,2016,0,3.0
5,8,0,160.3666666667,2016,0,3.0
100,8,1.569356311113,829.5333333333,2016,0,3.0
5,9,0.3005352020264,161.9333333333,2016,0,3.0
100,9,1.569987105206,829.2,2016,0,3.0
5,10,0.1469700038433,165.5666666667,2016,0,3.0
100,10,1.412333697081,827,2016,0,3.0
5,11,0.07399148494005,164.4333333333,2016,0,3.0
100,11,1.52652105689,828.9,2016,0,3.0
5,12,0.8208954930305,163.0333333333,2016,0,3.0
100,12,1.354250654578,826.5333333333,2016,0,3.0
5,1,0.7439869642258,163.5333333333,2017,0,3.0
100,1,1.398580255918,826.4333333333,2017,0,3.0
5,2,1.722051247954,162.5,2017,0,3.0
100,2,1.502603245899,825.9,2017,0,3.0
5,3,0.3794967755675,160.3,2017,0,3.0
100,3,1.265929959714,826.5333333333,2017,0,3.0
5,4,1.438199914992,160.7333333333,2017,0,3.0
100,4,1.695685582235,825.1333333333,2017,0,3.0
5,5,1.29621887207,159.5666666667,2017,0,3.0
100,5,1.354523807764,826.3666666667,2017,0,3.0
5,6,0.9147869646549,159.6,2017,0,3.0
100,6,1.619996754453,826.1333333333,2017,0,3.0
5,7,1.151419579983,158.5,2017,0,3.0
100,7,1.704028613865,828.2333333333,2017,0,3.0
5,8,0.3062722980976,158.9,2017,0,3.0
100,8,1.729996804148,829.8666666667,2017,0,3.0
5,9,0.1517356038094,160.3666666667,2017,0,3.0
100,9,1.291983425617,828.7,2017,0,3.0
5,10,0.2996715903282,162.4,2017,0,3.0
100,10,1.602553804405,827.5333333333,2017,0,3.0
5,11,0.3737456351519,162.7666666667,2017,0,3.0
100,11,1.619278099388,826.5,2017,0,3.0
5,12,1.042431652546,163.4,2017,0,3.0
100,12,1.179178580642,825.4333333333,2017,0,3.0
5,1,0.8295454159379,161.3333333333,2018,0,3.0
100,1,1.645269006491,828.2333333333,2018,0,3.0
5,2,0.9115504324436,160.1666666667,2018,0,3.0
100,2,1.231572590768,829.8333333333,2018,0,3.0
5,3,1.284945130348,160.9666666667,2018,0,3.0
100,3,1.482844613492,828.7,2018,0,3.0
5,4,0.6721915528178,162.9,2018,0,3.0
100,4,1.248490931466,828.3333333333,2018,0,3.0
5,5,0.8177189454436,163.6666666667,2018,0,3.0
100,5,1.351470969617,828.2333333333,2018,0,3.0
5,6,0.5940997004509,163.8333333333,2018,0,3.0
100,6,1.555877231061,828.9,2018,0,3.0
5,7,0.9589733108878,164.9333333333,2018,0,3.0
100,7,1.598497298546,829.6333333333,2018,0,3.0
5,8,0.1490404307842,163.2666666667,2018,0,3.0
100,8,1.701973710209,829.2333333333,2018,0,3.0
5,9,0.4448507130146,164.1,2018,0,3.0
100,9,1.33340020664,830.3333333333,2018,0,3.0
5,10,0.3721451759338,163.4666666667,2018,0,3.0
100,10,1.422001739033,829.9333333333,2018,0,3.0
5,11,0.3748203068972,162.3,2018,0,3.0
100,11,1.186777434312,830.4,2018,0,3.0
5,12,1.182904601097,164.5666666667,2018,0,3.0
100,12,1.298465140164,833.9333333333,2018,0,3.0
5,1,3.349931806326,170.7,2015,0,4.0
100,1,3.221886246465,827,2015,0,4.0
5,2,1.733966767788,168.4,2015,0,4.0
100,2,2.028839590028,827.5666666667,2015,0,4.0
5,3,0.5088627710938,167.3666666667,2015,0,4.0
100,3,0.9160459898412,823.4666666667,2015,0,4.0
5,4,0.2914171516895,167,2015,0,4.0
100,4,0.3992626452819,822.7666666667,2015,0,4.0
5,5,0.3650730103254,166.6333333333,2015,0,4.0
100,5,0.679454497993,823.7,2015,0,4.0
5,6,0.2233326584101,163.4333333333,2015,0,4.0
100,6,0.3095218800008,825.4666666667,2015,0,4.0
5,7,2.456158161163,163.4666666667,2015,0,4.0
100,7,3.666491755284,826.2666666667,2015,0,4.0
5,8,6.618785820901,163.6,2015,0,4.0
100,8,6.52101130411,826.5333333333,2015,0,4.0
5,9,5.863453745842,166,2015,0,4.0
100,9,3.57381729316,827.2666666667,2015,0,4.0
5,10,3.745472699404,165.6666666667,2015,0,4.0
100,10,2.218710977584,828.0333333333,2015,0,4.0
5,11,3.360957764089,162.9,2015,0,4.0
100,11,2.833098724484,828.8333333333,2015,0,4.0
5,12,5.473859667778,160.0333333333,2015,0,4.0
100,12,3.984588295221,830.5333333333,2015,0,4.0
5,1,4.55396130681,160.3,2016,0,4.0
100,1,3.390229144134,829,2016,0,4.0
5,2,2.634020671248,161.6666666667,2016,0,4.0
100,2,2.569802035578,828.5333333333,2016,0,4.0
5,3,1.117575019598,163.3,2016,0,4.0
100,3,1.399709382094,825.7666666667,2016,0,4.0
5,4,0.2944141924381,165.3,2016,0,4.0
100,4,0.4865880366415,825.1333333333,2016,0,4.0
5,5,0.1471477597952,165.3666666667,2016,0,4.0
100,5,0.3982300870121,824.9,2016,0,4.0
5,6,3.440633676946,166.2,2016,0,4.0
100,6,3.374308649451,825.7,2016,0,4.0
5,7,3.838293619454,168,2016,0,4.0
100,7,4.799134097993,823.9333333333,2016,0,4.0
5,8,6.097851723433,167.6,2016,0,4.0
100,8,4.820336310193,822.8333333333,2016,0,4.0
5,9,6.196324974298,166.9,2016,0,4.0
100,9,2.918340867385,821.3,2016,0,4.0
5,10,4.958050459623,166.8666666667,2016,0,4.0
100,10,2.89976080507,822.3666666667,2016,0,4.0
5,11,7.175719231367,164.4666666667,2016,0,4.0
100,11,3.349029912613,824.6666666667,2016,0,4.0
5,12,5.682097285986,162.7333333333,2016,0,4.0
100,12,3.906660117209,825.3,2016,0,4.0
5,1,2.980200052261,163.3,2017,0,4.0
100,1,2.961968662217,825.6333333333,2017,0,4.0
5,2,1.711170017719,163.5333333333,2017,0,4.0
100,2,1.622287742794,824.9666666667,2017,0,4.0
5,3,0.5140844881535,165.6666666667,2017,0,4.0
100,3,0.8567728549242,823.6333333333,2017,0,4.0
5,4,0.6668696478009,164.2,2017,0,4.0
100,4,0.4284384455532,823.5333333333,2017,0,4.0
5,5,0.1480730175972,164.3333333333,2017,0,4.0
100,5,0.2063229251653,825.5666666667,2017,0,4.0
5,6,0.5152248367667,165.3,2017,0,4.0
100,6,0.4251345405355,829.9333333333,2017,0,4.0
5,7,1.349907517433,162.2333333333,2017,0,4.0
100,7,3.523109482601,832.2666666667,2017,0,4.0
5,8,3.666806101799,159.2666666667,2017,0,4.0
100,8,6.765469685197,834.4333333333,2017,0,4.0
5,9,3.363350778818,159.1666666667,2017,0,4.0
100,9,2.772779986262,833.7,2017,0,4.0
5,10,2.278794489801,154.8333333333,2017,0,4.0
100,10,2.267441924661,837.0666666667,2017,0,4.0
5,11,4.654793128371,151.6,2017,0,4.0
100,11,3.071731913835,839.7,2017,0,4.0
5,12,8.040721088648,149.8,2017,0,4.0
100,12,3.883903793991,839.5333333333,2017,0,4.0
5,1,2.205914139748,154.4333333333,2018,0,4.0
100,1,2.66075039655,841.3666666667,2018,0,4.0
5,2,1.250267624855,155.7,2018,0,4.0
100,2,1.563913363963,840.2,2018,0,4.0
5,3,0.3103081882,156.8333333333,2018,0,4.0
100,3,0.6662169788033,840.0666666667,2018,0,4.0
5,4,0.2287445068359,159.5666666667,2018,0,4.0
100,4,0.1595089593902,839.0333333333,2018,0,4.0
5,5,0.6967126429081,157.1666666667,2018,0,4.0
100,5,0.6093731448054,838.5666666667,2018,0,4.0
5,6,0.3874734789133,157,2018,0,4.0
100,6,0.6542260665447,836.8666666667,2018,0,4.0
5,7,1.860662698746,156.9333333333,2018,0,4.0
100,7,3.055610982701,836.1666666667,2018,0,4.0
5,8,2.473528146744,157.4,2018,0,4.0
100,8,5.873730272055,836.8333333333,2018,0,4.0
5,9,3.139291055501,158.9,2018,0,4.0
100,9,3.574158065021,837.4,2018,0,4.0
5,10,3.169879369438,157.3666666667,2018,0,4.0
100,10,2.554782181978,838.1666666667,2018,0,4.0
5,11,3.483402624726,160.6666666667,2018,0,4.0
100,11,3.247666329145,839.1666666667,2018,0,4.0
5,12,9.820292040706,162.3,2018,0,4.0
100,12,3.23445255775,838.8333333333,2018,0,4.0
5,1,2.620803542435,171.7666666667,2015,0,2.0
100,1,2.575189550407,826.8,2015,0,2.0
5,2,4.125901266932,171.0333333333,2015,0,2.0
100,2,3.353638866916,823.5333333333,2015,0,2.0
5,3,3.369672000408,169.7,2015,0,2.0
100,3,3.05117072165,821.4333333333,2015,0,2.0
5,4,3.456303119659,168.9666666667,2015,0,2.0
100,4,2.755611458793,821.2333333333,2015,0,2.0
5,5,2.078750953078,169.7333333333,2015,0,2.0
100,5,2.134502872825,820.8,2015,0,2.0
5,6,2.476057335734,167.0666666667,2015,0,2.0
100,6,2.281157447025,821.3666666667,2015,0,2.0
5,7,2.258934006095,166.9666666667,2015,0,2.0
100,7,2.508895331994,824.4,2015,0,2.0
5,8,3.976822607219,168.2666666667,2015,0,2.0
100,8,2.560680633411,826.7333333333,2015,0,2.0
5,9,4.00313359499,170.2,2015,0,2.0
100,9,3.858940267935,829.2,2015,0,2.0
5,10,4.446846276522,169.6333333333,2015,0,2.0
100,10,4.40006442368,829.5333333333,2015,0,2.0
5,11,4.128642581403,173.8666666667,2015,0,2.0
100,11,3.532970398664,826.5,2015,0,2.0
5,12,3.56231212616,177.6,2015,0,2.0
100,12,2.784572504461,825.8,2015,0,2.0
5,1,3.417602926493,178,2016,0,2.0
100,1,3.127564656548,828.6,2016,0,2.0
5,2,3.423133336008,181.2666666667,2016,0,2.0
100,2,2.964139247313,829.1333333333,2016,0,2.0
5,3,3.411840341985,181.8666666667,2016,0,2.0
100,3,3.053901821375,828.6666666667,2016,0,2.0
5,4,3.483847439289,181.6,2016,0,2.0
100,4,2.466712206602,828.6333333333,2016,0,2.0
5,5,2.599050544202,182.5666666667,2016,0,2.0
100,5,2.586463734508,827.9,2016,0,2.0
5,6,3.070592418313,182.2666666667,2016,0,2.0
100,6,2.595412261784,829.7333333333,2016,0,2.0
5,7,2.242500841618,184.4666666667,2016,0,2.0
100,7,2.255889493972,830.5666666667,2016,0,2.0
5,8,1.828591793776,186.3,2016,0,2.0
100,8,2.923157066107,832.4333333333,2016,0,2.0
5,9,2.500901550055,184.8666666667,2016,0,2.0
100,9,3.936059265397,831.5,2016,0,2.0
5,10,2.042418830097,184.6666666667,2016,0,2.0
100,10,3.366155227646,827.7,2016,0,2.0
5,11,2.046112008393,184.3333333333,2016,0,2.0
100,11,3.010945320129,828.3666666667,2016,0,2.0
5,12,6.413842767477,185.9,2016,0,2.0
100,12,2.748007128015,827.9333333333,2016,0,2.0
5,1,3.371824324131,187.6333333333,2017,0,2.0
100,1,2.993968594819,829,2017,0,2.0
5,2,2.957548126578,189.2333333333,2017,0,2.0
100,2,2.600008115172,828.2666666667,2017,0,2.0
5,3,3.82465928793,190.8666666667,2017,0,2.0
100,3,2.293563243002,827.5333333333,2017,0,2.0
5,4,3.215581253171,192.9666666667,2017,0,2.0
100,4,2.629915865138,828.1,2017,0,2.0
5,5,1.625,194.6666666667,2017,0,2.0
100,5,2.371373299509,826.0333333333,2017,0,2.0
5,6,1.880151182413,194.1333333333,2017,0,2.0
100,6,1.928490725346,826.4666666667,2017,0,2.0
5,7,1.762980937958,193.2333333333,2017,0,2.0
100,7,2.354648858309,826.7333333333,2017,0,2.0
5,8,0.8080722056329,195.7333333333,2017,0,2.0
100,8,3.245886992663,824.6333333333,2017,0,2.0
5,9,1.352079503238,197.9666666667,2017,0,2.0
100,9,3.085089084692,824.2333333333,2017,0,2.0
5,10,1.303349778056,196.0333333333,2017,0,2.0
100,10,3.07082477212,824.1,2017,0,2.0
5,11,1.945495188236,193.8666666667,2017,0,2.0
100,11,2.999190494418,823.5,2017,0,2.0
5,12,7.500431336462,193.0333333333,2017,0,2.0
100,12,2.897529445589,823,2017,0,2.0
5,1,2.83140823245,193.3666666667,2018,0,2.0
100,1,2.538226911798,819.6666666667,2018,0,2.0
5,2,3.880271956325,191.2666666667,2018,0,2.0
100,2,2.855492467061,822.3333333333,2018,0,2.0
5,3,3.584706962109,190.0666666667,2018,0,2.0
100,3,2.158101478592,823.1,2018,0,2.0
5,4,2.421861231327,190.9,2018,0,2.0
100,4,1.794377007522,820.4333333333,2018,0,2.0
5,5,2.857018634677,191.6333333333,2018,0,2.0
100,5,1.826410694048,819.3666666667,2018,0,2.0
5,6,2.70132163167,189.1666666667,2018,0,2.0
100,6,1.72422222048,818.5333333333,2018,0,2.0
5,7,1.493240900338,187.4,2018,0,2.0
100,7,1.602243673056,820.1,2018,0,2.0
5,8,0.3280603885651,185.4333333333,2018,0,2.0
100,8,2.263313638978,822.4666666667,2018,0,2.0
5,9,1.151205986738,179.6666666667,2018,0,2.0
100,9,3.624113458209,822.5,2018,0,2.0
5,10,1.714258827269,177.4333333333,2018,0,2.0
100,10,3.261708468199,820.6333333333,2018,0,2.0
5,11,1.895556807518,173.3,2018,0,2.0
100,11,2.825214711018,822.5333333333,2018,0,2.0
5,12,7.72524305433,171.6666666667,2018,0,2.0
100,12,2.424659680575,822.9333333333,2018,0,2.0
5,1,4.725128717721,187.9666666667,2015,0,1.0
100,1,3.391183700413,828.7666666667,2015,0,1.0
5,2,5.187752187252,189.9666666667,2015,0,1.0
100,2,3.769691300578,829.4666666667,2015,0,1.0
5,3,5.028258472681,188.7333333333,2015,0,1.0
100,3,3.609358040616,829.2333333333,2015,0,1.0
5,4,4.597804769874,185.2333333333,2015,0,1.0
100,4,3.546392479911,830.2333333333,2015,0,1.0
5,5,4.761161163449,181.4333333333,2015,0,1.0
100,5,3.488144251518,833.6333333333,2015,0,1.0
5,6,5.145551003516,182.0666666667,2015,0,1.0
100,6,3.234881335869,831.2,2015,0,1.0
5,7,5.0119003281,182.0666666667,2015,0,1.0
100,7,3.195710645989,829.9666666667,2015,0,1.0
5,8,4.60909947753,179.5,2015,0,1.0
100,8,3.480089651421,832.0666666667,2015,0,1.0
5,9,5.074142664671,179.8333333333,2015,0,1.0
100,9,3.343377113342,829.7,2015,0,1.0
5,10,4.692565754056,178.9,2015,0,1.0
100,10,3.441185862757,830.8666666667,2015,0,1.0
5,11,5.479855775833,175.4,2015,0,1.0
100,11,3.013747982681,831.6333333333,2015,0,1.0
5,12,4.704321354628,175.8666666667,2015,0,1.0
100,12,3.730909600854,831.5666666667,2015,0,1.0
5,1,3.701408609748,177.5,2016,0,1.0
100,1,3.200466584414,828.7333333333,2016,0,1.0
5,2,4.907563269138,178.5,2016,0,1.0
100,2,3.683459300548,829.0666666667,2016,0,1.0
5,3,4.925037324429,177.8666666667,2016,0,1.0
100,3,3.104638118297,830.8,2016,0,1.0
5,4,5.671475976706,180.2,2016,0,1.0
100,4,3.097574722022,828.7666666667,2016,0,1.0
5,5,4.513658046722,180.6,2016,0,1.0
100,5,3.372538697906,826.1333333333,2016,0,1.0
5,6,4.269402310252,179.5333333333,2016,0,1.0
100,6,3.516689582728,826.8666666667,2016,0,1.0
5,7,3.802083432674,179.2,2016,0,1.0
100,7,2.794455457479,827.2333333333,2016,0,1.0
5,8,6.028528213501,177.6,2016,0,1.0
100,8,3.544542560354,830.6666666667,2016,0,1.0
5,9,5.327443867922,173.5666666667,2016,0,1.0
100,9,3.27661188785,835.4666666667,2016,0,1.0
5,10,3.633613161743,170.7666666667,2016,0,1.0
100,10,2.953521716408,836.2333333333,2016,0,1.0
5,11,5.999009720981,168.3333333333,2016,0,1.0
100,11,3.068204477429,836.7,2016,0,1.0
5,12,6.597710475326,165.9666666667,2016,0,1.0
100,12,3.083359967917,836.5333333333,2016,0,1.0
5,1,3.901775047183,165.2666666667,2017,0,1.0
100,1,2.973642155528,834.6666666667,2017,0,1.0
5,2,5.532509177923,167.1333333333,2017,0,1.0
100,2,2.7590689715,833.4333333333,2017,0,1.0
5,3,5.975344859064,169,2017,0,1.0
100,3,3.253694197163,830.1333333333,2017,0,1.0
5,4,4.961583942175,169.2,2017,0,1.0
100,4,2.892164757475,828.7333333333,2017,0,1.0
5,5,4.723529621959,170,2017,0,1.0
100,5,3.188222026452,828.1,2017,0,1.0
5,6,5.480694271624,170.9333333333,2017,0,1.0
100,6,2.99288565293,829.3,2017,0,1.0
5,7,3.44475030899,169.5333333333,2017,0,1.0
100,7,3.003395240754,834.5,2017,0,1.0
5,8,2.442913487554,169.3333333333,2017,0,1.0
100,8,2.882268531248,835.8,2017,0,1.0
5,9,2.706869736314,170.8,2017,0,1.0
100,9,2.874930443242,837.9333333333,2017,0,1.0
5,10,2.729240342975,169.4,2017,0,1.0
100,10,2.945537587628,838.5,2017,0,1.0
5,11,3.647811338305,166.7666666667,2017,0,1.0
100,11,2.868198668584,839.9,2017,0,1.0
5,12,9.048973709345,164.0333333333,2017,0,1.0
100,12,2.820934611373,841.0333333333,2017,0,1.0
5,1,3.404145017266,160.8333333333,2018,0,1.0
100,1,2.875722479075,841.9333333333,2018,0,1.0
5,2,4.857558727264,160.3,2018,0,1.0
100,2,2.777205348015,841.1333333333,2018,0,1.0
5,3,7.07040207088,160.0333333333,2018,0,1.0
100,3,2.487913124263,841.1333333333,2018,0,1.0
5,4,6.591768100858,158.7333333333,2018,0,1.0
100,4,2.530003595166,841.5666666667,2018,0,1.0
5,5,5.260703712702,157.2666666667,2018,0,1.0
100,5,2.835625648499,840.9666666667,2018,0,1.0
5,6,5.956973321736,157.2666666667,2018,0,1.0
100,6,2.601433351636,837.1666666667,2018,0,1.0
5,7,3.519178494811,159.0333333333,2018,0,1.0
100,7,2.373818005435,835.4333333333,2018,0,1.0
5,8,2.147961378098,158.6,2018,0,1.0
100,8,2.790364265442,837.1666666667,2018,0,1.0
5,9,1.945628970861,156.3333333333,2018,0,1.0
100,9,2.637430713512,834.9666666667,2018,0,1.0
5,10,2.392683416605,157.6333333333,2018,0,1.0
100,10,2.309294082224,832.4333333333,2018,0,1.0
5,11,2.235834509134,152.3666666667,2018,0,1.0
100,11,2.862172510475,833.1666666667,2018,0,1.0
5,12,10.51640026271,150.4,2018,0,1.0
100,12,2.392868563533,833.8666666667,2018,0,1.0
5,1,1.249786019325,194.7,2015,0,5.0
100,1,1.89816429466,858.9,2015,0,5.0
5,2,1.059959013015,195.1333333333,2015,0,5.0
100,2,1.220118902624,857.5666666667,2015,0,5.0
5,3,1.300033953041,196.5333333333,2015,0,5.0
100,3,1.583978391252,852.6,2015,0,5.0
5,4,0.8777052313089,194.0666666667,2015,0,5.0
100,4,1.155288996175,853.0333333333,2015,0,5.0
5,5,1.782040119171,191.1666666667,2015,0,5.0
100,5,1.406195274554,856.5666666667,2015,0,5.0
5,6,0.3774560540915,193.4,2015,0,5.0
100,6,1.39688369818,853.5666666667,2015,0,5.0
5,7,1.891845166683,192.9333333333,2015,0,5.0
100,7,1.657078046352,851.7,2015,0,5.0
5,8,2.138917639852,193.4,2015,0,5.0
100,8,2.846756754443,850.5,2015,0,5.0
5,9,4.490005016327,195.1,2015,0,5.0
100,9,4.710966814309,852.2666666667,2015,0,5.0
5,10,5.105765841901,195.4,2015,0,5.0
100,10,4.475729400292,853.5666666667,2015,0,5.0
5,11,4.185349993408,194.7666666667,2015,0,5.0
100,11,3.14581544511,854.7333333333,2015,0,5.0
5,12,2.862994596362,191.2333333333,2015,0,5.0
100,12,2.690800400451,859.1,2015,0,5.0
5,1,2.029892206192,191.8,2016,0,5.0
100,1,1.93855397962,859.8333333333,2016,0,5.0
5,2,1.44021268189,194.3,2016,0,5.0
100,2,1.813946247101,858.5333333333,2016,0,5.0
5,3,1.682314753532,195.2666666667,2016,0,5.0
100,3,1.417420711368,858.3666666667,2016,0,5.0
5,4,0.6111855432391,199.0666666667,2016,0,5.0
100,4,1.558678522706,858.6333333333,2016,0,5.0
5,5,1.032617770135,200.3,2016,0,5.0
100,5,1.376234193332,857.5333333333,2016,0,5.0
5,6,1.138004601002,203.1333333333,2016,0,5.0
100,6,1.757055789232,858.6333333333,2016,0,5.0
5,7,1.060703895986,206.4666666667,2016,0,5.0
100,7,1.607804130763,855.1,2016,0,5.0
5,8,1.118909291923,206.6,2016,0,5.0
100,8,2.787019286305,855.6333333333,2016,0,5.0
5,9,1.862541913986,209.0333333333,2016,0,5.0
100,9,5.204940374941,855.5333333333,2016,0,5.0
5,10,2.077470391989,210.8333333333,2016,0,5.0
100,10,3.633754989132,853.8,2016,0,5.0
5,11,3.120152056217,210.5666666667,2016,0,5.0
100,11,2.80911828205,853.2333333333,2016,0,5.0
5,12,4.571904271841,210.2333333333,2016,0,5.0
100,12,2.605820540339,854.4333333333,2016,0,5.0
5,1,1.339984055609,208.8333333333,2017,0,5.0
100,1,1.984626755118,852.1333333333,2017,0,5.0
5,2,0.8609844557941,211.9666666667,2017,0,5.0
100,2,1.54177095741,852.2666666667,2017,0,5.0
5,3,1.264168739319,211.7333333333,2017,0,5.0
100,3,1.087501995265,850.2666666667,2017,0,5.0
5,4,0.6294089853764,212.6333333333,2017,0,5.0
100,4,0.9612436369061,848.0333333333,2017,0,5.0
5,5,0.8105964586139,210.1333333333,2017,0,5.0
100,5,1.061380071566,848.2666666667,2017,0,5.0
5,6,0.8090563490987,210.5333333333,2017,0,5.0
100,6,1.232430271804,849,2017,0,5.0
5,7,1.016084142029,215.5333333333,2017,0,5.0
100,7,2.047746026888,849.6333333333,2017,0,5.0
5,8,0.8538677729666,213.7333333333,2017,0,5.0
100,8,3.847977660596,850.5333333333,2017,0,5.0
5,9,1.390255540609,210.0333333333,2017,0,5.0
100,9,3.88617053628,851.5666666667,2017,0,5.0
5,10,1.394682347775,209.3666666667,2017,0,5.0
100,10,3.56747538317,849.2,2017,0,5.0
5,11,2.456337198615,208.0333333333,2017,0,5.0
100,11,2.839797277004,848.3,2017,0,5.0
5,12,5.364254169166,210.9333333333,2017,0,5.0
100,12,2.286733126268,845.9666666667,2017,0,5.0
5,1,1.745576262474,209.1,2018,0,5.0
100,1,1.467192091048,845.8333333333,2018,0,5.0
5,2,1.111200161278,208.0333333333,2018,0,5.0
100,2,1.219104891643,848.3,2018,0,5.0
5,3,1.334658168256,209.6666666667,2018,0,5.0
100,3,1.332012224011,849.4666666667,2018,0,5.0
5,4,1.046511657536,209.2666666667,2018,0,5.0
100,4,0.7143416441977,851.6,2018,0,5.0
5,5,0.8807915076613,207.2,2018,0,5.0
100,5,1.124609963968,854.6666666667,2018,0,5.0
5,6,0.7684210501611,205.8333333333,2018,0,5.0
100,6,0.9007050236687,851,2018,0,5.0
5,7,0.7063377052546,206.7,2018,0,5.0
100,7,1.215379824862,850.9,2018,0,5.0
5,8,0.2933611907065,207.3666666667,2018,0,5.0
100,8,2.014206935652,851.7,2018,0,5.0
5,9,1.308883488178,204.5,2018,0,5.0
100,9,4.182810304686,855.1666666667,2018,0,5.0
5,10,1.393360998482,200.8333333333,2018,0,5.0
100,10,4.276624539867,859.1666666667,2018,0,5.0
5,11,2.221470817924,197.1666666667,2018,0,5.0
100,11,3.202001923695,862.5333333333,2018,0,5.0
5,12,6.555405028164,196.7333333333,2018,0,5.0
100,12,2.636855397373,862.8333333333,2018,0,5.0
